Rank,score_rank,Koleksi,Jumlah Skin,score_koleksi,Winrate,score_winrate,total match,score_total match,Harga
Legend I,2,Kolektor Ternama IV ,227.0,24,66.34,5,6523,1,250000.0
Mythic (19 Bintang),3,Kolektor Juragan II ,637.0,32,47.97,1,1248,6,3000000.0
Epic III,2,Kolektor Juragan III ,517.0,33,58.57,3,840,6,2600000.0
Epic III,2,Kolektor Juragan IV ,467.0,34,60.65,4,3866,3,2100000.0
Epic IV,2,Kolektor Ternama IV ,177.0,24,57.69,3,6725,1,419000.0
Mythic (6 Bintang),3,Kolektor Ahli II ,217.0,17,45.0,1,1719,5,180000.0
Epic II,2,Kolektor Terhormat V ,326.0,30,52.56,2,5261,1,650000.0
Mythic (12 Bintang),3,Kolektor Terhormat IV ,306.0,29,45.0,1,9058,1,800000.0
Epic III,2,Kolektor terhormat III ,401.0,28,57.91,3,1093,6,820000.0
Epic II,2,Kokektor TernamaIII ,293.0,14,48.24,1,10877,1,320000.0
Legend III,2,Kolektor Terhormat I ,441.0,26,63.22,4,4758,2,1000000.0
Legend II,2,Kolektor Terhormat IV ,352.0,29,47.65,1,11422,1,750000.0
Mythic (3 Bintang),3,Kolektor Ternama IV ,253.0,24,57.85,3,912,6,300000.0
Mythical Honor (31 Bintang),4,Kolektor Ternama V,232.0,25,45.0,1,2805,4,250000.0
Legend IV,2,Kolektor Terhormat V ,381.0,30,68.41,5,2343,4,750000.0
Mythical Glory (63 Bintang),5,Kolektor Ternama III ,241.0,23,51.7,2,3677,3,400000.0
Mythic (10 Bintang),3,Kolektor Ternama III ,350.0,23,53.6,2,3274,3,349000.0
Legend II,2,Kolektor Terhormat I ,436.0,26,51.92,2,11029,1,1350000.0
Mythic (5 Bintang),3,Kolektor Juragan V ,505.0,35,50.15,2,912,6,1700000.0
Epic II,2,Kolektor Ternama V ,217.0,25,64.44,4,1366,6,240000.0
Legend IV,2,Kolektor Terhormat V ,381.0,30,51.24,2,3579,3,800000.0
Legend I,2,Kolektor Ternama III ,284.0,23,51.31,2,11822,1,320000.0
Mythical Honor (35 Bintang),4,Kolektor Juragan IV ,455.0,34,47.68,1,777,6,2500000.0
Legend II,2,Kolektor Juragan IV ,596.0,34,62.99,4,10714,1,1200000.0
Mythic (4 Bintang),3,Kolektor Terhormat IV ,290.0,29,47.38,1,885,6,850000.0
Mythic (10 Bintang),3,Kolektor Ternama 1 ,303.0,21,48.96,1,1515,5,570000.0
Mythical Glory (77 Bintang),5,Kolektor Ternama II ,263.0,22,55.13,3,1533,5,370000.0
Mythic (1 Bintang),3,Kolektor Terhormat II ,411.0,27,48.53,1,11756,1,800000.0
Legend IV,2,Kolektor Terhormat III ,411.0,28,50.94,2,11893,1,820000.0
Legend I,2,Kolektor Ternama I ,332.0,21,45.0,1,3436,3,350000.0
Legend II,2,Kolektor Ternama II ,270.0,22,51.88,2,1687,5,400000.0
Epic V,2,Kolektor Ternama I ,302.0,21,50.87,2,1268,6,500000.0
Mythic (23 Bintang),3,Kolektor Terhormat IV ,406.0,29,52.53,2,629,6,600000.0
Legend II,2,Kolektor Ternama I ,257.0,21,58.88,3,4018,2,650000.0
Mythic (23 Bintang),3,Kolektor Ternama IV ,174.0,24,52.06,2,2790,4,570000.0
Epic II,2,Kolektor Terhormat II ,429.0,27,52.12,2,8833,1,1770000.0
Legend II,2,Kolektor Ternama I ,256.0,21,45.0,1,10486,1,440000.0
Mythic (9 Bintang),3,Kolektor Ternama II ,258.0,22,56.81,3,3825,3,350000.0
Legend V,2,Kolektor Terhormat IV ,373.0,29,49.98,1,4025,2,570000.0
Legend I,2,Kolektor Terhormat II ,459.0,27,61.61,4,1032,6,650000.0
Mythic (8 Bintang),3,Kolektor Ternama II ,250.0,22,46.75,1,1359,6,550000.0
Mythic (24 Bintang),3,Kolektor Juragan IV ,467.0,34,45.0,1,1657,5,1500000.0
Legend III,2,Kolektor Ternama II ,366.0,22,56.79,3,755,6,420000.0
Mythic (23 Bintang),3,Kolektor Ternama I ,174.0,21,49.69,1,1780,5,520000.0
Mythic (20 Bintang),3,Kolektor Terhormat ,369.0,18,52.03,2,4086,2,450000.0
Epic II,2,Kolektor Terhormat II ,454.0,27,64.51,4,11795,1,650000.0
Mythical Honor (41 Bintang),4,Kolektor Ternama I ,278.0,21,62.88,4,3035,3,410000.0
Epic II,2,Kolektor Terhormat IV ,281.0,29,53.62,2,3055,3,600000.0
Mythical Glory (64 Bintang),5,Kolektor Terhormat IV ,367.0,29,48.24,1,8836,1,620000.0
Mythical Honor (32 Bintang),4,Kolektor Terhormat V ,338.0,30,57.4,3,1786,5,410000.0
Legend III,2,Kolektor Ternama III ,166.0,23,52.38,2,668,6,550000.0
Legend III,2,Kolektor Terhormat ,364.0,18,51.89,2,6699,1,720000.0
Mythic (13 Bintang),3,Kolektor Ternama IV ,259.0,24,54.72,2,10931,1,350000.0
Legend II,2,Kolektor Terhormat V ,289.0,30,52.7,2,5345,1,610000.0
Legend I,2,Kolektor Ternama V ,219.0,25,59.9,3,1087,6,290000.0
Legend V,2,Kolektor Juragan IV ,463.0,34,45.0,1,811,6,2200000.0
Mythical Honor (33 Bintang),4,Kolektor Ternama II ,286.0,22,45.0,1,5234,1,480000.0
Epic III,2,Kolektor Terhormat II ,411.0,27,45.0,1,7200,1,700000.0
Legend II,2,Kolektor Terhormat IV ,366.0,29,50.73,2,1184,6,600000.0
Mythic (23 Bintang),3,Kolektor Terhormat V ,273.0,30,60.25,4,2040,4,750000.0
Mythical Glory (91 Bintang),5,Kolektor Juragan III ,510.0,33,56.65,3,939,6,1700000.0
Legend IV,2,Kolektor Terhormat IV ,313.0,29,63.88,4,1386,6,700000.0
Mythical Honor (39 Bintang),4,Kolektor Juragan III ,510.0,33,45.0,1,3870,3,2300000.0
Legend III,2,Kolektor Terhormat IV ,313.0,29,57.06,3,11516,1,900000.0
Mythic (16 Bintang),3,Kolektor Terhormat II ,418.0,27,49.21,1,3484,3,800000.0
Legend IV,2,Kolektor Terhormat V ,338.0,30,50.89,2,3981,3,500000.0
Mythical Glory (98 Bintang),5,Kolektor Ternama V ,218.0,25,50.16,2,3633,3,250000.0
Mythic (24 Bintang),3,Kolektor Ternama I ,278.0,21,63.71,4,3126,3,620000.0
Mythical Glory (87 Bintang),5,Kolektor Ternama I ,215.0,21,55.12,3,4018,2,680000.0
Mythic (5 Bintang),3,Kolektor Ternama II ,215.0,22,50.1,2,510,6,600000.0
Mythic (17 Bintang),3,Kolektor Juragan IV ,596.0,34,53.41,2,11581,1,1200000.0
Mythic (23 Bintang),3,Kolektor ternama IV ,243.0,24,61.32,4,7431,1,250000.0
Legend I,2,Kolektor Ternama III ,283.0,23,64.14,4,1887,5,300000.0
Legend III,2,Kolektor Terhormat II ,336.0,27,50.1,2,612,6,640000.0
Epic IV,2,Kolektor Ternama II ,228.0,22,48.29,1,4967,2,900000.0
Mythical Honor (43 Bintang),4,Kolektor juragan IV ,425.0,34,51.48,2,1685,5,2300000.0
Mythic (21 Bintang),3,kolektor juraga III ,511.0,25,56.57,3,2762,4,2470000.0
Mythical Honor (25 Bintang),4,Kolektor juragan IV ,543.0,34,61.18,4,2589,4,1900000.0
Mythic (24 Bintang),3,Kolektor ternama II ,182.0,22,52.27,2,6100,1,650000.0
Mythical Glory (85 Bintang),5,Kolektor Ternama II ,235.0,22,45.0,1,9086,1,550000.0
Legend II,2,Kolektor Juragan V ,469.0,35,51.24,2,1768,5,2000000.0
Epic V,2,Kolektor Ternama I ,284.0,21,61.62,4,2607,4,580000.0
Legend II,2,Kolektor Terhormat IV ,355.0,29,48.6,1,5953,1,500000.0
Legend I,2,Kolektor Terhormat II ,415.0,27,51.05,2,5006,1,800000.0
Epic V,2,Kolektor Terhormat II ,427.0,27,50.53,2,6684,1,1100000.0
Legend I,2,Kolektor Ternama III ,255.0,23,59.36,3,2983,4,490000.0
Legend IV,2,Kolektor Ahli I ,193.0,16,52.26,2,1921,5,200000.0
Epic III,2,kolektor Terhormat III ,455.0,28,50.76,2,10904,1,690000.0
Legend IV,2,Kolektor Ternama II ,367.0,22,57.54,3,10486,1,500000.0
Mythical Honor (33 Bintang),4,kolektor Juragan II ,568.0,32,51.46,2,1438,6,2800000.0
Epic V,2,Kolektor Terhormat IV ,314.0,29,55.38,3,1657,5,630000.0
Mythic (16 Bintang),3,Kolektor Ternama III ,209.0,23,50.14,2,3062,3,650000.0
Mythic (13 Bintang),3,Kolektor Juragan III ,513.0,33,56.45,3,9958,1,2600000.0
Mythical Glory (60 Bintang),5,Kolektor Ternama II ,217.0,22,60.95,4,2997,4,685000.0
Mythical Honor (26 Bintang),4,Kolektor Ternama I ,358.0,21,62.03,4,4728,2,350000.0
Legend III,2,Kolektor Ahli V ,155.0,20,45.0,1,11475,1,100000.0
Legend IV,2,Kolektor Ternama III ,236.0,23,60.11,4,1664,5,350000.0
Mythical Honor (46 Bintang),4,Kolektor Ternama I ,284.0,21,59.17,3,1535,5,700000.0
Legend II,2,Kolektor Ternama I ,300.0,21,63.85,4,699,6,600000.0
Legend II,2,Kolektor Ternama II ,225.0,22,54.62,2,1075,6,500000.0
Legend IV,2,Kolektor Ternama V ,181.0,25,63.61,4,5098,1,350000.0
Legend V,2,Kolektor Juragan V ,567.0,35,60.39,4,1467,6,1300000.0
Legend I,2,Kolektor Terhormat II ,450.0,27,65.74,5,695,6,920000.0
Epic II,2,kolektor Terhormat II ,441.0,27,53.24,2,6636,1,780000.0
Epic V,2,Kolektor Ternama I ,296.0,21,51.89,2,8096,1,600000.0
Mythic (17 Bintang),3,Kolektor Juragan V ,506.0,35,48.37,1,721,6,1200000.0
Legend I,2,Kolektor Ternama II ,277.0,22,59.46,3,1015,6,400000.0
Legend III,2,Kolektor Terhormat II ,474.0,27,58.0,3,1681,5,900000.0
Mythic (15 Bintang),3,Kolektor Terhormat IV ,329.0,29,54.48,2,1960,5,630000.0
Mythic (16 Bintang),3,Kolektor Juragan V ,417.0,35,45.0,1,8855,1,2200000.0
Mythic (22 Bintang),3,Kolektor Ternama I ,243.0,21,50.91,2,543,6,400000.0
Mythic (19 Bintang),3,Kolektor Juragan V ,569.0,35,53.69,2,3419,3,1150000.0
Mythical Honor (38 Bintang),4,Kolektor Juragan V ,547.0,35,46.57,1,780,6,1800000.0
Legend I,2,Kolektor Juragan ,525.0,26,58.89,3,7001,1,2250000.0
Mythical Honor (36 Bintang),4,Kolektor Juragan IV ,397.0,34,56.59,3,2056,4,1400000.0
Epic IV,2,Kolektor Ternama II ,224.0,22,45.0,1,1656,5,600000.0
Epic II,2,Kolektor Ternama I ,288.0,21,55.76,3,6804,1,635000.0
Mythical Glory (71 Bintang),5,Kolektor Ternama II ,291.0,22,55.19,3,3874,3,420000.0
Legend II,2,Kolektor Juragan V ,503.0,35,66.32,5,4093,2,2000000.0
Mythical Honor (29 Bintang),4,Kolektor Ternama I ,229.0,21,62.86,4,10330,1,650000.0
Mythic (8 Bintang),3,Kolektor Ternama II ,234.0,22,64.23,4,4495,2,500000.0
Epic V,2,Kolektor Senior IV ,54.0,14,55.8,3,6561,1,220000.0
Mythic (9 Bintang),3,Kolektor Terhormat V ,309.0,30,51.64,2,8605,1,550000.0
Epic V,2,Kolektor Ternama III ,232.0,23,45.0,1,4460,2,500000.0
Mythic (2 Bintang),3,Kolektor Ternama II ,242.0,22,52.2,2,4084,2,440000.0
Mythic (2 Bintang),3,Kolektor Ternama III ,209.0,23,45.0,1,1804,5,750000.0
Legend III,2,Kolektor Ternama  IV ,147.0,24,54.72,2,6832,1,380000.0
Mythical Honor (27 Bintang),4,Kolektor Ternama 1 ,267.0,21,56.85,3,991,6,750000.0
Mythic (5 Bintang),3,Kolektor Terhormat IV ,311.0,29,60.3,4,1528,5,1000000.0
Epic II,2,Kolektor Juragan V ,511.0,35,57.55,3,1588,5,1150000.0
Epic V,2,Kolektor senior III ,44.0,13,63.2,4,3070,3,260000.0
Mythic (19 Bintang),3,Kolektor Senior I ,68.0,11,56.42,3,2484,4,250000.0
Mythical Glory (89 Bintang),5,Kolektor Ahli I ,156.0,16,52.53,2,2589,4,260000.0
Mythic (2 Bintang),3,Kolektor Ternama 1 ,285.0,21,49.04,1,10516,1,530000.0
Mythical Honor (30 Bintang),4,Kolektor Terhormat V ,371.0,30,54.7,2,3912,3,370000.0
Mythic (8 Bintang),3,Kolektor Juragan II ,596.0,32,59.65,3,10700,1,2100000.0
Mythic (11 Bintang),3,Kolektor ternama IV ,134.0,24,60.7,4,628,6,640000.0
Epic V,2,Kolektor Ternama II ,208.0,22,52.06,2,10935,1,420000.0
Mythic (20 Bintang),3,Kolektor Juragan V ,531.0,35,51.41,2,1250,6,1320000.0
Epic V,2,Kolektor Ternama II ,197.0,22,61.83,4,1719,5,430000.0
Legend III,2,Kolektor Juragan IV ,596.0,34,63.64,4,1242,6,1650000.0
Epic IV,2,Kolektor Juragan V ,567.0,35,52.57,2,866,6,2000000.0
Epic I,2,Kolektor Terhormat II ,450.0,27,45.0,1,4628,2,1200000.0
Legend IV,2,Kolektor Juragan V ,506.0,35,50.94,2,2919,4,1700000.0
Legend I,2,Kolektor Juragan V ,569.0,35,64.5,4,2282,4,1750000.0
Epic IV,2,Kolektor Juragan IV ,397.0,34,49.14,1,2687,4,1750000.0
Mythic (12 Bintang),3,Kolektor Senior IV ,54.0,14,45.0,1,7018,1,370000.0
Legend III,2,Kolektor Ternama  IV ,147.0,24,45.0,1,3438,3,420000.0
Legend IV,2,Kolektor Juragan V ,511.0,35,46.56,1,7144,1,1550000.0
Mythic (6 Bintang),3,Kolektor senior III ,44.0,13,54.33,2,7141,1,370000.0
Mythical Honor (32 Bintang),4,Kolektor Ahli I ,156.0,16,48.13,1,889,6,260000.0
Mythic (23 Bintang),3,Kolektor Ternama 1 ,284.0,21,59.22,3,6566,1,700000.0
Mythical Honor (43 Bintang),4,Kolektor Terhormat V ,371.0,30,67.43,5,1085,6,500000.0
Legend V,2,Kolektor Juragan II ,596.0,32,62.91,4,1822,5,2900000.0
Mythic (18 Bintang),3,Kolektor Ternama II ,208.0,22,59.15,3,3134,3,550000.0
Legend IV,2,Kolektor Juragan V ,531.0,35,63.89,4,11762,1,2300000.0
Legend I,2,kolektor Ternama IV ,192.0,24,55.52,3,5623,1,450000.0
Legend IV,2,Kolektor Juragan IV ,521.0,34,51.28,2,2439,4,2000000.0
Legend I,2,Kolektor Juragan V ,497.0,35,58.89,3,7670,1,1600000.0
Mythical Honor (45 Bintang),4,Kolektor Juragan III ,449.0,33,61.52,4,7278,1,1630000.0
Epic I,2,Kolektor Ternama V ,285.0,25,48.04,1,11470,1,500000.0
Legend II,2,Kolektor Juragan IV ,554.0,34,65.88,5,1603,5,1250000.0
Mythic (3 Bintang),3,Kolektor Ternama IV ,185.0,24,54.23,2,1712,5,550000.0
Legend III,2,Kolektor Terhormat IV ,329.0,29,58.69,3,7287,1,700000.0
Mythical Honor (27 Bintang),4,Kolektor Ternama III ,181.0,23,54.35,2,3670,3,500000.0
Epic II,2,Kolektor Terhormat II ,443.0,27,67.07,5,1839,5,890000.0
Mythical Glory (50 Bintang),5,Kolektor Ternama II ,218.0,22,55.06,3,10186,1,550000.0
Mythic (1 Bintang),3,Kolektor Juragan V ,495.0,35,49.13,1,4175,2,1250000.0
Mythic (15 Bintang),3,Kolektor Terhormat III ,351.0,28,53.03,2,4270,2,690000.0
Mythic (17 Bintang),3,Kolektor Terhormat I ,433.0,26,54.31,2,504,6,850000.0
Mythic (7 Bintang),3,Kolektor Terhormat I ,396.0,26,52.96,2,3398,3,1670000.0
Mythic (17 Bintang),3,Kolektor Juragan V ,455.0,35,65.25,5,1347,6,1500000.0
Mythical Honor (35 Bintang),4,Kolektor Ternama II ,218.0,22,51.64,2,2428,4,600000.0
Epic III,2,Kolektor Juragan V ,406.0,35,45.0,1,6665,1,1500000.0
Mythical Glory (60 Bintang),5,Kolektor Terhormat I ,396.0,26,46.6,1,11737,1,1800000.0
Mythic (23 Bintang),3,Kolektor Terhormat III ,391.0,28,59.19,3,4700,2,700000.0
Epic IV,2,Kolektor Terhormat IV ,303.0,29,55.59,3,3826,3,650000.0
Mythical Honor (25 Bintang),4,Kolektor Ternama I ,231.0,21,63.27,4,4767,2,600000.0
Legend II,2,Kolektor Terhormat II ,444.0,27,48.7,1,7272,1,850000.0
Epic III,2,Kolektor Juragan IV ,599.0,34,49.98,1,3004,3,2150000.0
Mythic (14 Bintang),3,Kolektor Terhormat I ,415.0,26,47.7,1,3325,3,1230000.0
Mythic (17 Bintang),3,Kolektor Juragan IV ,500.0,34,52.75,2,2367,4,1350000.0
Legend I,2,Kolektor Ternama II ,199.0,22,53.98,2,624,6,520000.0
Legend II,2,Kolektor Juragan V ,419.0,35,52.9,2,3611,3,1900000.0
Epic II,2,Kolektor Juragan V ,419.0,35,51.81,2,1118,6,1900000.0
Mythic (8 Bintang),3,Kolektor ternama I ,180.0,21,53.26,2,3363,3,2000000.0
Mythic (11 Bintang),3,Kolektor terhormat II ,336.0,27,59.08,3,4923,2,1100000.0
Epic I,2,Kolektor Juragan III ,508.0,33,49.72,1,566,6,2300000.0
Legend V,2,Kolektor Juragan III ,613.0,33,48.61,1,3993,3,2050000.0
Epic IV,2,Kolektor Juragan V ,473.0,35,51.98,2,6088,1,1600000.0
Mythic (17 Bintang),3,kolektor terhormat II ,381.0,27,49.73,1,1234,6,830000.0
Legend I,2,Kolektor Terhormat IV ,294.0,29,46.79,1,550,6,800000.0
Legend III,2,Kolektor Terhormat II ,397.0,27,64.2,4,4840,2,700000.0
Mythic (7 Bintang),3,Kolektor Terhormat I ,417.0,26,58.64,3,3912,3,1250000.0
Legend III,2,Kolektor Terhormat III ,373.0,28,45.0,1,921,6,700000.0
Legend V,2,Kolektor Juragan IV ,460.0,34,62.49,4,1956,5,1900000.0
Mythic (13 Bintang),3,Kolektor Juragan IV ,581.0,34,66.33,5,6665,1,1850000.0
Mythic (11 Bintang),3,Kolektor Juragan IV ,504.0,34,52.94,2,11663,1,1800000.0
Legend I,2,Kolektor Terhormat I ,414.0,26,58.59,3,7676,1,1250000.0
Mythic (17 Bintang),3,Kolektor ternama I ,266.0,21,48.95,1,10738,1,700000.0
Mythical Glory (94 Bintang),5,Kolektor Terhormat III ,359.0,28,56.57,3,2772,4,750000.0
Legend V,2,Kolektor Juragan IV ,549.0,34,45.0,1,1104,6,2000000.0
Mythical Honor (38 Bintang),4,Kolektor Terhormat IV ,324.0,29,49.66,1,3373,3,700000.0
Mythic (8 Bintang),3,Kolektor Juragan IV ,492.0,34,61.9,4,8417,1,1780000.0
Legend IV,2,Kolektor Ternama II ,285.0,22,60.03,4,1427,6,350000.0
Mythical Glory (64 Bintang),5,Kolektor Terhormat I ,463.0,26,45.0,1,882,6,1250000.0
Mythic (13 Bintang),3,Kolektor Ternama I ,300.0,21,54.67,2,2793,4,600000.0
Mythic (13 Bintang),3,Kolektor Juragan IV ,483.0,34,54.23,2,10714,1,2100000.0
Epic II,2,Kolektor Ternama I ,194.0,21,49.4,1,1730,5,1000000.0
Mythical Honor (33 Bintang),4,Kolektor Ahli I ,156.0,16,48.96,1,11187,1,370000.0
Legend IV,2,Kolektor Juragan III ,449.0,33,49.69,1,3974,3,2000000.0
Mythic (1 Bintang),3,Kolektor Juragan IV ,554.0,34,60.33,4,5814,1,1800000.0
Mythical Glory (99 Bintang),5,Kolektor Juragan V ,495.0,35,52.92,2,3086,3,1600000.0
Mythic (1 Bintang),3,Kolektor Juragan IV ,500.0,34,52.53,2,7131,1,1800000.0
Mythical Honor (37 Bintang),4,Kolektor Juragan III ,613.0,33,53.9,2,3114,3,2500000.0
Mythical Honor (25 Bintang),4,Kolektor Terhormat I ,463.0,26,45.0,1,598,6,1480000.0
Mythic (17 Bintang),3,Kolektor Juragan IV ,517.0,34,56.45,3,3224,3,2100000.0
Epic III,2,Kolektor junior 1 ,59.0,6,56.69,3,8101,1,100000.0
Mythic (24 Bintang),3,Kolektor Terhormat I ,491.0,26,63.41,4,4758,2,1200000.0
Epic IV,2,Kolektor Terhormat III ,429.0,28,48.95,1,1101,6,900000.0
Mythic (7 Bintang),3,Kolektor Terhormat II ,340.0,27,62.12,4,3060,3,1100000.0
Mythic (5 Bintang),3,Kolektor Juragan V ,423.0,35,56.1,3,11467,1,1850000.0
Legend III,2,Kolektor Terhormat II ,451.0,27,57.29,3,1013,6,1150000.0
Mythic (10 Bintang),3,Kolektor Terhormat I ,425.0,26,55.1,3,11762,1,1250000.0
Legend I,2,Kolektor Juragan III ,584.0,33,55.82,3,1616,5,2400000.0
Legend IV,2,Kolektor Terhormat III ,377.0,28,64.36,4,1031,6,700000.0
Mythic (13 Bintang),3,Kolektor Terhormat IV ,387.0,29,47.93,1,2814,4,1700000.0
Epic IV,2,Kolektor Juragan IV ,519.0,34,62.98,4,2719,4,2200000.0
Mythic (2 Bintang),3,Kolektor Ternama I ,303.0,21,52.44,2,3424,3,650000.0
Legend I,2,Kolektor Ternama I ,242.0,21,64.09,4,3577,3,650000.0
Legend III,2,Kolektor Terhormat I ,497.0,26,64.17,4,4700,2,1100000.0
Epic I,2,Kolektor Ternama II ,195.0,22,59.69,3,2058,4,650000.0
Epic I,2,Kolektor Ternama I ,311.0,21,49.35,1,4801,2,500000.0
Mythic (12 Bintang),3,Kolektor Ternama II ,173.0,22,47.83,1,11270,1,1500000.0
Mythical Glory (99 Bintang),5,Kolektor Ternama III ,203.0,23,59.18,3,2737,4,700000.0
Mythical Honor (36 Bintang),4,Kolektor Juragan V ,435.0,35,59.43,3,1383,6,2000000.0
Mythic (3 Bintang),3,Kolektor Juragan V ,531.0,35,45.0,1,6001,1,2300000.0
Legend I,2,Kolektor Ternama III ,214.0,23,45.0,1,2730,4,400000.0
Legend II,2,Kolektor Ternama III ,204.0,23,60.29,4,2641,4,750000.0
Legend I,2,Kolektor Ternama IV ,194.0,24,47.7,1,894,6,550000.0
Mythic (1 Bintang),3,Kolektor Juragan V ,531.0,35,62.06,4,2170,4,2300000.0
Epic V,2,Kolektor Ternama V ,215.0,25,64.46,4,2138,4,700000.0
Legend III,2,Kolektor Terhormat II ,408.0,27,52.05,2,4164,2,1400000.0
Legend I,2,Kolektor Ternama I ,293.0,21,55.02,3,3826,3,650000.0
Mythical Honor (43 Bintang),4,Kolektor Ternama III ,200.0,23,57.54,3,2602,4,450000.0
Epic V,2,Kolektor Ternama I ,301.0,21,45.0,1,3240,3,580000.0
Epic I,2,Kolektor Ternama I ,387.0,21,56.32,3,6179,1,500000.0
Mythical Honor (26 Bintang),4,Kolektor Ternama I ,305.0,21,45.0,1,3808,3,800000.0
Mythical Honor (33 Bintang),4,Kolektor juragan V ,520.0,35,45.0,1,2178,4,1750000.0
Mythical Honor (37 Bintang),4,Kolektor Terhormat IV ,298.0,29,52.39,2,2640,4,1050000.0
Epic II,2,Kolektor Juragan V ,507.0,35,64.73,4,7440,1,1700000.0
Mythic (19 Bintang),3,Kolektor Ternama II ,233.0,22,55.87,3,2228,4,644000.0
Epic II,2,Kolektor Terhormat III ,343.0,28,59.46,3,2263,4,1200000.0
Mythic (19 Bintang),3,Kolektor Terhormat II ,354.0,27,48.85,1,1904,5,1450000.0
Mythical Glory (54 Bintang),5,Kolektor Terhormat IV ,374.0,29,45.0,1,2626,4,700000.0
Legend III,2,Kolektor Ternama I ,266.0,21,57.25,3,4014,2,570000.0
Mythic (13 Bintang),3,Kolektor Juragan V ,439.0,35,62.42,4,2383,4,1950000.0
Mythical Honor (38 Bintang),4,Kolektor Ternama IV ,167.0,24,60.48,4,2974,4,620000.0
Legend III,2,Kolektor Juragan V ,469.0,35,57.14,3,4179,2,1500000.0
Legend IV,2,Kolektor Terhormat III ,403.0,28,53.82,2,3647,3,800000.0
Mythical Honor (38 Bintang),4,Kolektor Terhormat III ,348.0,28,64.87,4,3026,3,900000.0
Epic V,2,Kolektor Ternama I ,341.0,21,63.33,4,4767,2,450000.0
Mythic (13 Bintang),3,Kolektor IV ,167.0,8,60.54,4,2067,4,620000.0
Legend III,2,Kolektor Ternama II ,242.0,22,54.85,2,1184,6,700000.0
Epic I,2,Kolektor Juragan V ,419.0,35,61.07,4,744,6,1800000.0
Mythical Glory (50 Bintang),5,Kolektor Juragan III ,449.0,33,45.0,1,1397,6,2000000.0
Mythic (20 Bintang),3,Kolektor Ternama I ,311.0,21,51.75,2,1714,5,500000.0
Legend I,2,kolektor terhormat V ,282.0,30,54.54,2,3928,3,770000.0
Mythic (9 Bintang),3,Kolektor Ternama I ,295.0,21,51.7,2,2343,4,850000.0
Legend II,2,Kolektor Ternama I ,280.0,21,64.47,4,6914,1,700000.0
Epic II,2,Kolektor Juragan IV ,521.0,34,63.58,4,10355,1,1800000.0
Legend IV,2,Kolektor Ternama I ,242.0,21,63.79,4,13869,1,700000.0
Mythical Honor (35 Bintang),4,Kolektor Ternama I ,302.0,21,47.93,1,1543,5,600000.0
Mythic (20 Bintang),3,kolektor Terhormat II ,446.0,27,45.0,1,1739,5,900000.0
Mythic (17 Bintang),3,Kolektor Terhormat I ,462.0,26,60.48,4,1205,6,1300000.0
Legend II,2,Kolektor Terhormat IV ,399.0,29,48.81,1,1399,6,1000000.0
Legend I,2,Kolektor Juragan II ,573.0,32,45.0,1,1852,5,3000000.0
Epic V,2,Kolektor Ternama II ,176.0,22,63.47,4,1494,6,1500000.0
Legend IV,2,Kolektor Terhormat IV ,332.0,29,53.19,2,6567,1,650000.0
Mythical Glory (89 Bintang),5,Kolektor Terhormat II ,347.0,27,45.0,1,2882,4,1300000.0
Epic IV,2,Kolektor Terhormat II ,427.0,27,54.66,2,3149,3,1300000.0
Mythical Honor (25 Bintang),4,Kolektor Terhormat V ,286.0,30,56.36,3,10332,1,800000.0
Mythic (15 Bintang),3,Kolektor Juragan V ,480.0,35,57.97,3,2778,4,1900000.0
Legend II,2,Kolektor Terhormat III ,380.0,28,66.08,5,2489,4,850000.0
Mythic (2 Bintang),3,Kolektor Juragan IV ,466.0,34,49.52,1,1022,6,1850000.0
Epic I,2,Kolektor Juragan V ,335.0,35,47.35,1,7145,1,2100000.0
Mythic (13 Bintang),3,Kolektor Terhormat III ,380.0,28,59.35,3,4545,2,820000.0
Mythical Glory (60 Bintang),5,Kolektor Juragan II ,583.0,32,54.75,2,1184,6,2500000.0
Legend II,2,Kolektor Juragan IV ,500.0,34,54.0,2,4270,2,1800000.0
Legend IV,2,Kolektor Juragan IV ,486.0,34,57.22,3,2576,4,1800000.0
Mythical Honor (41 Bintang),4,Kolektor Juragan V ,448.0,35,64.56,4,1289,6,1350000.0
Mythical Honor (47 Bintang),4,Kolektor Terhormat III ,386.0,28,53.37,2,2294,4,750000.0
Mythical Honor (33 Bintang),4,Kolektor Terhormat III ,306.0,28,45.0,1,1413,6,750000.0
Legend II,2,Kolektor Juragan II ,541.0,32,54.21,2,5616,1,2150000.0
Mythical Honor (29 Bintang),4,Kolektor Juragan II ,571.0,32,51.71,2,525,6,1600000.0
Mythic (22 Bintang),3,Kolektor juragan V ,456.0,35,62.06,4,3062,3,950000.0
Mythic (11 Bintang),3,Kolektor Juragan III ,501.0,33,62.11,4,1882,5,1810000.0
Mythic (18 Bintang),3,Kolektor Ternama I ,222.0,21,45.0,1,3853,3,470000.0
Legend III,2,Kolektor Terhormat III ,346.0,28,57.45,3,1695,5,700000.0
Mythic (9 Bintang),3,Kolektor Terhormat II ,378.0,27,65.17,5,1839,5,800000.0
Legend II,2,Kolektor Juragan II ,510.0,32,52.76,2,5809,1,2260000.0
Mythic (24 Bintang),3,Kolektor ternama II ,220.0,22,54.06,2,3475,3,500000.0
Legend III,2,Kolektor ternama I ,238.0,21,64.42,4,4758,2,550000.0
Mythic (19 Bintang),3,Kolektor terhormat V ,291.0,30,55.73,3,10933,1,600000.0
Legend I,2,Kolektor Terhormat I ,463.0,26,57.76,3,4018,2,750000.0
Mythical Glory (98 Bintang),5,Kolektor Terhormat V ,294.0,30,66.81,5,10330,1,630000.0
Legend V,2,Kolektor ternama II ,254.0,22,53.19,2,3825,3,250000.0
Epic I,2,Kolektor Juragan V ,470.0,35,55.9,3,7670,1,1500000.0
Epic I,2,Kolektor Terhormat I ,459.0,26,45.0,1,3436,3,850000.0
Mythical Honor (25 Bintang),4,Kolektor juragan IV ,492.0,34,59.8,3,8096,1,1150000.0
Legend V,2,Kolektor Terhormat I ,421.0,26,48.27,1,3480,3,800000.0
Legend V,2,Kolektor Terhormat II ,351.0,27,57.03,3,1015,6,790000.0
Legend III,2,Kolektor Juragan IV ,491.0,34,51.52,2,4086,2,2000000.0
Mythical Honor (35 Bintang),4,Kolektor Ternama II ,176.0,22,63.76,4,1894,5,1100000.0
Mythical Glory (94 Bintang),5,Kolektor Ternama I ,230.0,21,48.32,1,2626,4,650000.0
Mythic (18 Bintang),3,Kolektor Terhormat II ,351.0,27,50.09,2,8316,1,1300000.0
Legend IV,2,Kolektor juragan III ,482.0,33,51.46,2,2164,4,1700000.0
Legend V,2,Kolektor ternama I ,254.0,21,59.6,3,1710,5,650000.0
Epic II,2,Kolektor terhormat III ,357.0,28,58.79,3,11663,1,550000.0
Mythic (8 Bintang),3,Kolektor juragan III ,508.0,33,46.02,1,4164,2,1750000.0
Mythical Honor (38 Bintang),4,Kolektor terhormat II ,352.0,27,45.0,1,12328,1,850000.0
Mythical Glory (81 Bintang),5,Kolektor Terhormat V ,260.0,30,57.04,3,2127,4,450000.0
Mythical Honor (45 Bintang),4,Kolektor terhormat III ,367.0,28,52.21,2,5444,1,455000.0
Mythic (23 Bintang),3,Kolektor Terhormat V ,300.0,30,63.41,4,939,6,700000.0
Mythical Glory (89 Bintang),5,Kolektor Terhormat I ,421.0,26,53.64,2,10931,1,800000.0
Mythic (6 Bintang),3,Kolektor Terhormat II ,351.0,27,45.0,1,11484,1,790000.0
Epic II,2,kolektor terhormat V ,367.0,30,45.0,1,10515,1,350000.0
Legend V,2,Kolektor terhormat III ,306.0,28,45.0,1,7272,1,950000.0
Epic I,2,kolektor juragan II ,518.0,32,45.0,1,903,6,1700000.0
Mythic (17 Bintang),3,Kolektor juragan III ,508.0,33,51.75,2,8833,1,1750000.0
Mythic (24 Bintang),3,kolektor terhormat III ,322.0,28,54.95,2,3841,3,800000.0
Mythic (19 Bintang),3,kolektor juragan IV ,531.0,34,64.12,4,4528,2,1150000.0
Epic IV,2,kolektor juragan IV ,609.0,34,47.72,1,6986,1,1400000.0
Mythic (23 Bintang),3,Kolektor juragan II ,515.0,32,52.77,2,11822,1,1800000.0
Mythical Glory (60 Bintang),5,Kolektor terhormat V ,311.0,30,62.13,4,8461,1,650000.0
Legend III,2,kolektor ternama II ,226.0,22,64.36,4,2974,4,600000.0
Mythic (16 Bintang),3,Kolektor Ternama I ,214.0,21,54.71,2,10933,1,300000.0
Legend I,2,Kolektor terhormat III ,354.0,28,45.0,1,2803,4,1100000.0
Legend II,2,kolektor terhormat V ,265.0,30,52.19,2,3018,3,500000.0
Legend II,2,kolektor terhormat II ,392.0,27,48.64,1,1890,5,800000.0
Legend IV,2,kolektor terhormat III ,369.0,28,53.65,2,871,6,550000.0
Legend IV,2,kolektor terhormat V ,223.0,30,50.55,2,2602,4,550000.0
Legend III,2,Kolektor juragan IV ,483.0,34,54.84,2,3113,3,1250000.0
Legend IV,2,Kolektor terhormat II ,420.0,27,49.4,1,1141,6,700000.0
Legend I,2,Kolektor ternama III ,230.0,23,56.77,3,2770,4,250000.0
Mythic (3 Bintang),3,Kolektor Terhormat IV ,339.0,29,48.92,1,6510,1,380000.0
Legend II,2,Kolektor Terhormat II ,396.0,27,51.05,2,1515,5,600000.0
Epic II,2,kolektor juragan V ,419.0,35,63.66,4,2268,4,1100000.0
Epic I,2,Kolektor terhormat I ,464.0,26,54.46,2,6921,1,700000.0
Mythic (18 Bintang),3,Kolektor ternama I ,245.0,21,55.8,3,8100,1,240000.0
Mythic (10 Bintang),3,kolektor terhormat III ,360.0,28,48.26,1,1194,6,600000.0
Mythical Honor (27 Bintang),4,Kolektor ternama I ,244.0,21,54.39,2,1174,6,550000.0
Mythic (12 Bintang),3,kolektor terhormat IV ,292.0,29,64.98,4,4327,2,350000.0
Mythic (10 Bintang),3,kolektor Ternama V ,145.0,25,45.0,1,6589,1,427500.0
Legend III,2,kolektor terhormat V ,305.0,30,58.12,3,2709,4,500000.0
Legend IV,2,Kolektor terhormat III ,342.0,28,46.92,1,6393,1,560000.0
Mythical Honor (33 Bintang),4,Kolektor ternama III ,211.0,23,50.64,2,12191,1,285000.0
Legend I,2,Kolektor Terhormat II ,416.0,27,49.09,1,1730,5,850000.0
Epic V,2,Kolektor Ternama IV ,223.0,24,45.0,1,1302,6,350000.0
Epic I,2,Kolektor ternama III ,165.0,23,63.43,4,936,6,470000.0
Legend II,2,kolektor terhormat V ,290.0,30,47.84,1,4167,2,450000.0
Legend II,2,Kolektor Ternama II ,275.0,22,50.71,2,1307,6,210000.0
Legend V,2,Kolektor juragan IV ,536.0,34,56.09,3,750,6,1350000.0
Mythic (21 Bintang),3,kolektor juragan V ,386.0,35,45.0,1,1714,5,1000000.0
Epic V,2,kolektor terhormat V ,315.0,30,62.47,4,3029,3,450000.0
Mythical Glory (87 Bintang),5,kolektor terhormat II ,366.0,27,53.47,2,2400,4,530000.0
Epic III,2,Kolektor juragan IV ,445.0,34,54.29,2,912,6,1400000.0
Mythic (16 Bintang),3,Kolektor ternama I ,247.0,21,52.84,2,5256,1,230000.0
Mythical Glory (63 Bintang),5,Kolektor Terhormat III ,412.0,28,49.36,1,6179,1,650000.0
Mythical Glory (89 Bintang),5,kolektor terhormat IV ,281.0,29,59.54,3,3826,3,500000.0
Mythic (8 Bintang),3,Kolektor ternama III ,243.0,23,45.0,1,3480,3,430000.0
Legend I,2,Kolektor ternama I ,247.0,21,47.55,1,10537,1,600000.0
Mythic (19 Bintang),3,Kolektor juragan IV ,497.0,34,52.65,2,713,6,1000000.0
Mythic (10 Bintang),3,Kolektor Terhormat II ,348.0,27,46.89,1,3998,3,730000.0
Legend III,2,kolektor terhormat V ,282.0,30,56.03,3,10935,1,270000.0
Mythic (17 Bintang),3,Kolektor terhormat III ,338.0,28,45.0,1,2805,4,650000.0
Legend IV,2,kolektor juragan IV ,407.0,34,54.62,2,5975,1,2450000.0
Mythical Honor (45 Bintang),4,Kolektor terhormat I ,408.0,26,61.44,4,1360,6,800000.0
Legend V,2,Kolektor Ternama IV ,213.0,24,45.0,1,2681,4,250000.0
Mythic (13 Bintang),3,Kolektor juragan III ,548.0,33,46.61,1,11958,1,1595200.0
Epic V,2,Kolektor ternama I ,239.0,21,50.71,2,5206,1,420000.0
Epic I,2,Kolektor juragan II ,524.0,32,57.82,3,4046,2,1350000.0
Epic I,2,Kolektor Ternama I ,214.0,21,45.0,1,1184,6,400000.0
Epic II,2,Kolektor terhormat III ,354.0,28,52.5,2,3062,3,1400000.0
Epic I,2,kolektor terhormat V ,223.0,30,62.24,4,6998,1,750000.0
Legend II,2,Kolektor Ternama II ,275.0,22,54.76,2,13385,1,320000.0
Mythical Honor (29 Bintang),4,Kolektor Terhormat III ,412.0,28,62.44,4,3578,3,800000.0
Epic II,2,Kolektor juragan II ,524.0,32,51.76,2,5809,1,1650000.0
Legend I,2,kolektor ternama III ,227.0,23,50.55,2,3178,3,350000.0
Legend II,2,kolektor juragan V ,460.0,35,45.0,1,12328,1,1050000.0
Mythic (12 Bintang),3,Kolektor juragan IV ,497.0,34,59.48,3,6930,1,1160000.0
Mythical Glory (94 Bintang),5,Kolektor Ternama III ,245.0,23,63.46,4,9259,1,350000.0
Legend III,2,kolektor terhormat V ,288.0,30,50.18,2,991,6,400000.0
Mythical Honor (35 Bintang),4,Kolektor Juragan V ,419.0,35,50.88,2,6425,1,1200000.0
Epic III,2,Kolektor Terhormat IV ,385.0,29,59.36,3,13780,1,420000.0
Mythic (17 Bintang),3,Kolektor terhormat IV ,329.0,29,51.77,2,6450,1,360000.0
Epic IV,2,Kolektor juragan II ,516.0,32,47.95,1,3488,3,1400000.0
Mythic (11 Bintang),3,Kolektor Juragan V ,490.0,35,53.06,2,3113,3,1050000.0
Mythical Glory (54 Bintang),5,Kolektor Juragan III ,494.0,33,55.51,3,2513,4,1300000.0
Legend II,2,kolektor terhormat III ,369.0,28,47.6,1,3261,3,600000.0
Mythic (23 Bintang),3,Kolektor Juragan V ,469.0,35,56.03,3,12480,1,800000.0
Mythical Honor (37 Bintang),4,Kolektor Juragan V ,432.0,35,45.0,1,14622,1,850000.0
Mythic (5 Bintang),3,Kolektor ternama II ,188.0,22,53.95,2,800,6,530000.0
Legend III,2,Kolektor terhormat IV ,354.0,29,50.51,2,3424,3,370000.0
Epic I,2,Kolektor Juragan II ,508.0,32,46.35,1,10515,1,2300000.0
Legend IV,2,Kolektor juragan III ,537.0,33,50.48,2,1547,5,1300000.0
Mythical Honor (36 Bintang),4,Kolektor terhormat IV ,288.0,29,51.35,2,10931,1,650000.0
Epic V,2,Kolektor terhormat III ,290.0,28,45.0,1,6340,1,650000.0
Epic II,2,Kolektor terhormat II ,338.0,27,66.67,5,8316,1,650000.0
Mythic (23 Bintang),3,Kolektor juragan III ,634.0,33,63.67,4,6438,1,1600000.0
Legend II,2,Kolektor Ternama IV ,213.0,24,56.79,3,7676,1,250000.0
Epic V,2,kolektor terhormat V ,247.0,30,62.76,4,8461,1,380000.0
Legend III,2,kolektor terhormat V ,271.0,30,62.96,4,1366,6,800000.0
Mythic (8 Bintang),3,kolektor terhormat V ,299.0,30,45.0,1,3261,3,450000.0
Legend I,2,Kolektor ternama I ,245.0,21,55.37,3,1695,5,250000.0
Legend I,2,Kolektor Terhormat I ,484.0,26,61.26,4,4840,2,700000.0
Legend III,2,Kolektor Ternama I ,247.0,21,56.04,3,5632,1,250000.0
Legend V,2,Kolektor Ternama I ,250.0,21,58.18,3,5948,1,550000.0
Mythic (2 Bintang),3,Kolektor ternama II ,229.0,22,51.05,2,5408,1,250000.0
Legend I,2,kolektor terhormat V ,315.0,30,50.7,2,11105,1,550000.0
Legend III,2,Kolektor terhormat II ,406.0,27,63.37,4,589,6,670000.0
Legend III,2,Kolektor terhormat IV ,355.0,29,45.0,1,2882,4,450000.0
Mythic (19 Bintang),3,Kolektor Ternama IV ,192.0,24,54.4,2,3827,3,500000.0
Mythic (20 Bintang),3,Kolektor ternama II ,188.0,22,53.64,2,3577,3,500000.0
Mythic (24 Bintang),3,Kolektor Juragan III ,494.0,33,55.89,3,4004,2,1700000.0
Mythic (7 Bintang),3,Kolektor terhormat III ,327.0,28,62.48,4,6112,1,550000.0
Epic I,2,Kolektor Juragan III ,555.0,33,47.47,1,775,6,1500000.0
Legend V,2,kolektor terhormat V ,295.0,30,47.29,1,1307,6,450000.0
Legend IV,2,Kolektor Ternama III ,234.0,23,54.31,2,5190,1,450000.0
Legend III,2,Kolektor Ternama IV ,203.0,24,57.17,3,1843,5,250000.0
Mythic (23 Bintang),3,Kolektor Ternama I ,220.0,21,54.38,2,6227,1,500000.0
Mythical Honor (33 Bintang),4,Kolektor ternama II ,219.0,22,49.34,1,962,6,450000.0
Legend I,2,Kolektor Juragan V ,424.0,35,56.32,3,11795,1,1350000.0
Legend III,2,Kolektor terhormat IV ,260.0,29,46.0,1,7200,1,650000.0
Mythic (3 Bintang),3,Kolektor Terhormat IV ,312.0,29,51.3,2,6561,1,720000.0
Legend I,2,Kolektor Terhormat I ,484.0,26,51.27,2,1657,5,700000.0
Epic II,2,Kolektor Juragan V ,415.0,35,45.0,1,1804,5,1200000.0
Legend II,2,Kolektor ternama I ,247.0,21,51.11,2,1052,6,650000.0
Epic II,2,Kolektor terhormat III ,355.0,28,45.0,1,4025,2,650000.0
Mythical Honor (28 Bintang),4,Kolektor Ternama I ,244.0,21,51.35,2,6689,1,600000.0
Epic I,2,Kolektor terhormat III ,396.0,28,61.12,4,4758,2,500000.0
Mythic (9 Bintang),3,Kolektor Terhormat V ,240.0,30,45.0,1,2456,4,550000.0
Mythical Honor (32 Bintang),4,Kolektor Juragan IV ,472.0,34,62.24,4,6166,1,1000000.0
Legend I,2,Kolektor Juragan IV ,495.0,34,62.43,4,4516,2,1350000.0
Mythical Glory (94 Bintang),5,Kolektor Juragan II ,573.0,32,59.15,3,4086,2,2000000.0
Legend III,2,Kolektor Juragan V ,492.0,35,52.19,2,3670,3,1000000.0
Mythic (6 Bintang),3,Kolektor Juragan V ,415.0,35,46.61,1,2917,4,1200000.0
Mythic (11 Bintang),3,Kolektor Terhormat II ,368.0,27,62.47,4,5616,1,800000.0
Mythic (23 Bintang),3,Kolektor Terhormat II ,308.0,27,51.61,2,1397,6,750000.0
Legend I,2,Kolektor Juragan V ,460.0,35,63.12,4,1361,6,1100000.0
Mythical Honor (31 Bintang),4,Kolektor Ternama IV ,203.0,24,45.0,1,5073,1,250000.0
Legend II,2,kolektor terhormat V ,271.0,30,51.98,2,6703,1,600000.0
Legend I,2,Kolektor Juragan III ,555.0,33,55.66,3,10933,1,1500000.0
Mythic (1 Bintang),3,Kolektor ternama II ,219.0,22,54.39,2,5043,1,450000.0
Mythic (15 Bintang),3,Kolektor Terhormat IV ,312.0,29,50.7,2,1184,6,650000.0
Mythical Glory (60 Bintang),5,Kolektor Juragan V ,495.0,35,60.43,4,1174,6,800000.0
Mythic (24 Bintang),3,Kolektor ternama II ,228.0,22,57.25,3,4255,2,500000.0
Mythic (12 Bintang),3,Kolektor ternama II ,264.0,22,59.21,3,2750,4,450000.0
Legend II,2,Kolektor Juragan II ,573.0,32,47.53,1,1924,5,2000000.0
Mythical Glory (64 Bintang),5,Kolektor ternama I ,247.0,21,62.51,4,534,6,600000.0
Mythic (2 Bintang),3,Kolektor Ternama V ,220.0,25,50.48,2,5519,1,130000.0
Mythical Honor (33 Bintang),4,Kolektor Juragan III ,555.0,33,45.0,1,6988,1,1220000.0
Legend V,2,Kolektor Terhormat IV ,312.0,29,59.38,3,866,6,580000.0
Mythic (24 Bintang),3,Kolektor Terhormat IV ,298.0,29,48.53,1,2919,4,500000.0
Legend I,2,Kolektor Juragan III ,555.0,33,54.1,2,997,6,1700000.0
Mythic (17 Bintang),3,Kolektor Amatir III,91.0,3,59.02,4,4063,2,5000.0
Mythic (5 Bintang),3,Kolektor Amatir I,30.0,1,65.85,5,6619,1,200.0
Mythical Honor (49 Bintang),4,Kolektor Amatir II,128.0,2,68.55,5,3502,3,300.0
Mythical Honor (35 Bintang),4,Kolektor Elite,98.0,4,57.11,4,7788,1,5000.0
Mythic (21 Bintang),3,Kolektor Sultan Besar,73.0,36,69.09,5,9339,1,500.0
Mythical Honor (49 Bintang),4,Kolektor Master,189.0,9,44.5,1,1046,6,2500.0
Legend I,2,Kolektor Legendaris,101.0,5,64.36,4,5574,1,500.0
Warrior I,1,Kolektor Amatir I,41.0,1,41.38,1,6111,1,100.0
Mythical Honor (38 Bintang),4,Kolektor Sultan Besar,19.0,36,50.75,3,10954,1,500.0
Warrior II,1,Kolektor Biasa I,59.0,2,59.75,4,4839,2,2500.0
Legend I,2,Kolektor Sultan,105.0,36,64.94,4,10335,1,2500.0
Mythic (13 Bintang),3,Kolektor Legendaris,23.0,1,55.73,4,8936,1,100.0
Mythic (11 Bintang),3,Kolektor Biasa II,60.0,3,55.08,4,2205,4,300.0
Mythical Honor (27 Bintang),4,Kolektor Elite,93.0,4,54.17,3,5829,1,500.0
Mythic (7 Bintang),3,Kolektor Amatir II,291.0,2,59.13,4,1564,5,500.0
Mythic (20 Bintang),3,Kolektor Master,171.0,8,46.1,2,8534,1,500.0
Mythical Honor (30 Bintang),4,Kolektor Sultan,257.0,36,44.46,1,5332,1,200.0
Master III,1,Kolektor Ternama I,86.0,21,61.1,4,6135,1,500.0
Epic IV,2,Kolektor Ternama II,172.0,22,68.36,5,7742,1,200.0
Mythic (16 Bintang),3,Kolektor Master,44.0,2,47.71,2,9518,1,2500.0
Mythical Honor (27 Bintang),4,Kolektor Legendaris,227.0,11,73.49,5,9833,1,5000.0
Mythical Honor (26 Bintang),4,Kolektor Juragan I,238.0,31,60.54,4,3460,3,500.0
Legend III,2,Kolektor Amatir II,187.0,2,62.32,4,3470,3,200.0
Mythic (3 Bintang),3,Kolektor Juragan I,57.0,31,73.35,5,11674,1,300.0
Mythical Honor (37 Bintang),4,Kolektor Biasa I,18.0,1,68.13,5,2209,4,200.0
Mythical Honor (37 Bintang),4,Kolektor Amatir III,198.0,3,64.62,4,8768,1,200.0
Legend II,2,Kolektor Ternama II,221.0,22,69.96,5,1315,6,5000.0
Mythical Honor (32 Bintang),4,Kolektor Biasa II,25.0,1,71.82,5,7185,1,200.0
Grandmaster III,1,Kolektor Elite,20.0,1,68.58,5,6914,1,2500.0
Epic IV,2,Kolektor Ternama II,158.0,7,52.4,3,1716,5,100.0
Elite I,1,Kolektor Legendaris,238.0,11,73.21,5,10796,1,5000.0
Mythic (14 Bintang),3,Kolektor Biasa I,242.0,12,54.57,3,3238,3,500.0
Mythic (2 Bintang),3,Kolektor Biasa I,124.0,6,62.16,4,6780,1,2500.0
Master III,1,Kolektor Legendaris,238.0,11,51.95,3,8397,1,2500.0
Epic I,2,Kolektor Ternama I,48.0,2,66.71,5,12606,1,100.0
Mythic (21 Bintang),3,Kolektor Juragan III,185.0,9,55.73,4,6650,1,100.0
Legend II,2,Kolektor Sultan Besar,270.0,13,51.33,3,397,6,200.0
Master IV,1,Kolektor Amatir IV,41.0,2,62.4,4,4383,2,500.0
Mythical Honor (35 Bintang),4,Kolektor Legendaris,213.0,10,63.18,4,13483,1,200.0
Mythical Honor (27 Bintang),4,Kolektor Sultan Besar,291.0,14,64.62,4,14408,1,300.0
Legend III,2,Kolektor Sultan,180.0,9,74.75,5,8653,1,300.0
Legend I,2,Kolektor Amatir II,217.0,10,74.55,5,13222,1,200.0
Mythical Honor (48 Bintang),4,Kolektor Sultan Besar,189.0,9,45.03,2,8437,1,200.0
Legend II,2,Kolektor Ternama II,146.0,7,42.03,1,12792,1,200.0
Mythic (10 Bintang),3,Kolektor Sultan,189.0,9,61.7,4,7434,1,500.0
Mythical Honor (36 Bintang),4,Kolektor Sultan Besar,118.0,5,59.51,4,10137,1,2500.0
Mythic (11 Bintang),3,Kolektor Amatir I,91.0,4,62.72,4,14978,1,200.0
Legend III,2,Kolektor Juragan II,270.0,13,66.85,5,11877,1,500.0
Mythical Honor (32 Bintang),4,Kolektor Biasa II,203.0,10,67.51,5,334,6,2500.0
Grandmaster I,1,Kolektor Juragan I,149.0,7,40.35,1,11322,1,500.0
Mythic (17 Bintang),3,Kolektor Juragan III,74.0,3,61.14,4,6432,1,2500.0
Legend II,2,Kolektor Juragan III,279.0,13,42.64,1,2956,4,300.0
Elite I,1,Kolektor Amatir III,216.0,10,74.2,5,14131,1,5000.0
Legend II,2,Kolektor Amatir II,226.0,11,64.54,4,12138,1,500.0
Epic III,2,Kolektor Biasa II,87.0,4,71.48,5,6133,1,300.0
Mythical Honor (43 Bintang),4,Kolektor Ternama I,43.0,2,45.12,2,11752,1,5000.0
Legend II,2,Kolektor Biasa II,242.0,12,60.61,4,9650,1,200.0
Legend II,2,Kolektor Ternama I,72.0,3,41.83,1,3267,3,300.0
Elite II,1,Kolektor Elite,293.0,14,45.41,2,13312,1,200.0
Epic IV,2,Kolektor Amatir II,117.0,5,49.27,2,6633,1,100.0
Epic I,2,Kolektor Ternama II,251.0,12,59.93,4,9877,1,5000.0
Mythic (15 Bintang),3,Kolektor Amatir IV,278.0,13,50.74,3,11860,1,300.0
Legend I,2,Kolektor Amatir II,160.0,8,43.24,1,12166,1,500.0
Mythic (2 Bintang),3,Kolektor Ternama I,94.0,4,55.8,4,395,6,200.0
Epic I,2,Kolektor Amatir III,283.0,14,54.66,3,6554,1,300.0
Legend II,2,Kolektor Amatir II,281.0,14,49.92,2,8335,1,500.0
Mythical Honor (27 Bintang),4,Kolektor Biasa I,271.0,13,55.78,4,1651,5,200.0
Mythic (9 Bintang),3,Kolektor Sultan Besar,194.0,9,60.73,4,4862,2,5000.0
Epic III,2,Kolektor Juragan II,205.0,10,57.4,4,6186,1,200.0
Epic I,2,Kolektor Elite,290.0,14,73.83,5,4934,2,300.0
Legend III,2,Kolektor Amatir IV,267.0,13,50.27,3,1271,6,200.0
Epic I,2,Kolektor Master,264.0,13,57.98,4,3772,3,2500.0
Mythic (5 Bintang),3,Kolektor Biasa I,231.0,11,51.7,3,13276,1,100.0
Epic II,2,Kolektor Juragan I,54.0,2,57.36,4,2590,4,5000.0
Mythic (24 Bintang),3,Kolektor Ternama I,281.0,14,72.6,5,9935,1,100.0
Legend II,2,Kolektor Master,145.0,7,49.35,2,7500,1,100.0
Mythical Honor (35 Bintang),4,Kolektor Biasa II,109.0,5,61.34,4,9657,1,2500.0
Mythical Honor (40 Bintang),4,Kolektor Juragan II,57.0,2,56.47,4,14207,1,5000.0
Legend III,2,Kolektor Juragan I,118.0,5,66.54,5,8302,1,5000.0
Mythic (4 Bintang),3,Kolektor Juragan II,226.0,11,55.29,4,7830,1,300.0
Mythical Honor (49 Bintang),4,Kolektor Juragan II,136.0,6,42.66,1,1062,6,100.0
Legend IV,2,Kolektor Ternama II,236.0,11,40.82,1,1619,5,200.0
Mythical Honor (26 Bintang),4,Kolektor Juragan III,247.0,12,43.29,1,8981,1,100.0
Mythical Honor (44 Bintang),4,Kolektor Ternama II,233.0,11,60.35,4,8083,1,200.0
Mythic (23 Bintang),3,Kolektor Ternama I,137.0,6,59.44,4,2583,4,200.0
Epic III,2,Kolektor Amatir IV,104.0,5,51.71,3,3674,3,100.0
Mythical Honor (30 Bintang),4,Kolektor Amatir I,203.0,10,51.26,3,402,6,100.0
Mythic (18 Bintang),3,Kolektor Amatir II,259.0,12,50.43,3,11575,1,2500.0
Mythical Honor (41 Bintang),4,Kolektor Ternama II,223.0,11,51.79,3,1366,6,5000.0
Legend III,2,Kolektor Sultan Besar,231.0,11,70.39,5,1898,5,200.0
Mythic (17 Bintang),3,Kolektor Juragan I,237.0,11,72.99,5,11990,1,300.0
Mythical Honor (35 Bintang),4,Kolektor Sultan,154.0,7,69.52,5,2855,4,100.0
Mythic (22 Bintang),3,Kolektor Juragan II,190.0,9,53.66,3,5020,1,300.0
Mythic (18 Bintang),3,Kolektor Elite,68.0,3,54.5,3,12553,1,2500.0
Mythic (14 Bintang),3,Kolektor Master,175.0,8,58.4,4,14048,1,100.0
Legend IV,2,Kolektor Amatir III,34.0,1,58.59,4,12134,1,2500.0
Mythical Honor (28 Bintang),4,Kolektor Biasa I,201.0,10,53.28,3,13339,1,200.0
Mythic (13 Bintang),3,Kolektor Juragan II,67.0,3,67.95,5,2373,4,5000.0
Elite I,1,Kolektor Biasa I,97.0,4,59.22,4,11066,1,500.0
Master IV,1,Kolektor Juragan I,119.0,5,66.38,5,4855,2,300.0
Epic IV,2,Kolektor Master,83.0,4,43.9,1,2448,4,100.0
Mythical Honor (45 Bintang),4,Kolektor Biasa II,146.0,7,55.86,4,10454,1,200.0
Legend IV,2,Kolektor Sultan Besar,172.0,8,42.35,1,13739,1,300.0
Mythic (8 Bintang),3,Kolektor Sultan Besar,153.0,7,66.83,5,7538,1,200.0
Master IV,1,Kolektor Amatir II,299.0,14,51.26,3,12602,1,300.0
Mythical Honor (29 Bintang),4,Kolektor Amatir II,163.0,8,48.11,2,1328,6,5000.0
Mythical Honor (27 Bintang),4,Kolektor Biasa II,59.0,2,62.96,4,11652,1,300.0
Mythic (17 Bintang),3,Kolektor Biasa I,130.0,6,54.35,3,3442,3,100.0
Mythical Honor (42 Bintang),4,Kolektor Master,271.0,13,58.49,4,1184,6,500.0
Legend IV,2,Kolektor Legendaris,233.0,11,61.73,4,13879,1,5000.0
Epic III,2,Kolektor Amatir II,108.0,5,50.94,3,7566,1,300.0
Mythic (1 Bintang),3,Kolektor Master,51.0,2,65.3,5,8807,1,200.0
Legend II,2,Kolektor Sultan,105.0,5,71.73,5,6307,1,5000.0
Mythic (23 Bintang),3,Kolektor Amatir III,83.0,4,43.77,1,990,6,500.0
Mythic (18 Bintang),3,Kolektor Juragan I,223.0,11,71.78,5,14947,1,100.0
Mythical Honor (46 Bintang),4,Kolektor Juragan III,165.0,8,40.54,1,8674,1,200.0
Mythic (16 Bintang),3,Kolektor Biasa II,291.0,14,52.73,3,11242,1,2500.0
Mythic (10 Bintang),3,Kolektor Ternama I,47.0,2,42.44,1,9725,1,5000.0
Epic I,2,Kolektor Biasa I,153.0,7,66.39,5,14966,1,5000.0
Mythical Honor (37 Bintang),4,Kolektor Amatir IV,193.0,9,73.35,5,11377,1,500.0
Mythical Honor (30 Bintang),4,Kolektor Biasa I,246.0,12,65.85,5,1235,6,500.0
Mythic (18 Bintang),3,Kolektor Sultan Besar,186.0,9,50.76,3,1780,5,500.0
Mythical Honor (26 Bintang),4,Kolektor Master,20.0,1,72.06,5,12825,1,2500.0
Mythical Honor (35 Bintang),4,Kolektor Amatir II,287.0,14,71.15,5,12942,1,200.0
Mythical Honor (34 Bintang),4,Kolektor Juragan III,247.0,12,44.47,1,13029,1,500.0
Mythical Honor (47 Bintang),4,Kolektor Legendaris,124.0,6,59.17,4,13464,1,500.0
Legend I,2,Kolektor Sultan,298.0,14,73.53,5,6243,1,500.0
Mythical Honor (35 Bintang),4,Kolektor Juragan I,138.0,6,73.92,5,13150,1,200.0
Mythical Honor (49 Bintang),4,Kolektor Sultan,214.0,10,60.36,4,2020,4,5000.0
Mythic (16 Bintang),3,Kolektor Juragan II,261.0,13,69.04,5,3017,3,300.0
Mythic (20 Bintang),3,Kolektor Elite,282.0,14,50.62,3,192,6,300.0
Epic I,2,Kolektor Amatir III,93.0,4,42.13,1,5901,1,100.0
Master III,1,Kolektor Master,34.0,1,66.15,5,6829,1,100.0
Master IV,1,Kolektor Amatir I,194.0,9,73.55,5,12381,1,5000.0
Mythical Honor (46 Bintang),4,Kolektor Legendaris,170.0,8,47.36,2,2333,4,300.0
Mythical Honor (38 Bintang),4,Kolektor Biasa I,46.0,2,52.76,3,12458,1,300.0
Mythical Honor (40 Bintang),4,Kolektor Amatir I,194.0,9,57.34,4,5622,1,500.0
Mythic (22 Bintang),3,Kolektor Sultan Besar,95.0,4,63.22,4,10525,1,2500.0
Epic II,2,Kolektor Juragan I,152.0,7,40.67,1,4925,2,5000.0
Mythical Honor (46 Bintang),4,Kolektor Juragan II,248.0,12,44.48,1,9091,1,2500.0
Mythic (19 Bintang),3,Kolektor Juragan II,296.0,14,56.75,4,2534,4,100.0
Grandmaster IV,1,Kolektor Biasa I,52.0,2,61.44,4,3816,3,300.0
Legend I,2,Kolektor Ternama II,292.0,14,42.54,1,8651,1,500.0
Epic II,2,Kolektor Legendaris,271.0,13,66.76,5,14856,1,100.0
Mythic (9 Bintang),3,Kolektor Sultan Besar,250.0,12,47.51,2,11359,1,5000.0
Legend I,2,Kolektor Biasa II,193.0,9,40.61,1,10562,1,100.0
Elite III,1,Kolektor Biasa I,27.0,1,57.57,4,8702,1,200.0
Mythical Honor (45 Bintang),4,Kolektor Amatir IV,259.0,12,71.42,5,7761,1,2500.0
Epic I,2,Kolektor Biasa II,158.0,7,46.37,2,2444,4,5000.0
Mythical Honor (49 Bintang),4,Kolektor Juragan III,283.0,14,69.87,5,13316,1,100.0
Mythic (16 Bintang),3,Kolektor Biasa II,297.0,14,48.27,2,2862,4,5000.0
Mythic (24 Bintang),3,Kolektor Sultan,273.0,13,49.65,2,7258,1,100.0
Legend IV,2,Kolektor Biasa II,287.0,14,43.04,1,8962,1,5000.0
Epic II,2,Kolektor Biasa I,243.0,12,71.79,5,10567,1,200.0
Mythical Honor (38 Bintang),4,Kolektor Juragan II,113.0,5,60.58,4,14858,1,2500.0
Mythical Honor (28 Bintang),4,Kolektor Sultan Besar,210.0,10,42.87,1,6085,1,200.0
Mythical Honor (27 Bintang),4,Kolektor Juragan III,39.0,1,54.76,3,10870,1,200.0
Mythic (16 Bintang),3,Kolektor Senior IV,20.0,14,71.37,5,7067,7067,200.0
Elite III,1,Kolektor Terhormat I,82.0,26,63.04,4,18374,18374,700.0
Mythical Honor (30 Bintang),4,Kolektor Juragan IV,212.0,34,71.38,5,16833,16833,900.0
Mythic (5 Bintang),3,Kolektor Amatir II,133.0,2,61.76,4,16426,16426,500.0
Mythical Honor (37 Bintang),4,Kolektor Senior V,136.0,15,53.68,3,3001,3001,900.0
Mythic (20 Bintang),3,Kolektor Amatir III,149.0,3,73.99,5,10800,10800,300.0
Legend IV,2,Kolektor Junior V,282.0,10,73.7,5,4796,4796,700.0
Epic I,2,Kolektor Ahli V,276.0,20,66.08,5,5830,5830,700.0
Mythical Honor (43 Bintang),4,Kolektor Senior V,34.0,15,43.9,1,15360,15360,700.0
Mythic (22 Bintang),3,Kolektor Amatir IV,45.0,4,47.43,2,19606,19606,500.0
Legend II,2,Kolektor Senior V,115.0,15,68.23,5,1791,1791,900.0
Mythical Honor (33 Bintang),4,Kolektor Ahli II,72.0,17,40.45,1,19589,19589,5000.0
Elite I,1,Kolektor Junior II,160.0,7,61.23,4,1187,1187,5000.0
Epic III,2,Kolektor Senior III,155.0,13,66.29,5,9894,9894,300.0
Legend I,2,Kolektor Ternama I,105.0,21,55.91,4,2146,2146,500.0
Mythic (15 Bintang),3,Kolektor Terhormat V,204.0,30,53.98,3,4642,4642,300.0
Mythical Honor (38 Bintang),4,Kolektor Junior II,226.0,7,53.27,3,17121,17121,5000.0
Mythic (20 Bintang),3,Kolektor Terhormat V,73.0,30,54.09,3,14534,14534,700.0
Mythical Honor (27 Bintang),4,Kolektor Amatir IV,158.0,4,65.36,5,2687,2687,100.0
Elite II,1,Kolektor Juragan II,21.0,32,52.05,3,17486,17486,5000.0
Mythical Honor (25 Bintang),4,Kolektor Senior V,26.0,15,58.71,4,8344,8344,100.0
Grandmaster IV,1,Kolektor Terhormat III,45.0,28,46.98,2,8870,8870,200.0
Warrior I,1,Kolektor Juragan II,202.0,32,69.21,5,16821,16821,500.0
Mythic (2 Bintang),3,Kolektor Terhormat III,227.0,28,70.52,5,3131,3131,2500.0
Mythic (8 Bintang),3,Kolektor Juragan III,103.0,33,66.03,5,12064,12064,700.0
Epic IV,2,Kolektor Legendaris,106.0,10,67.34,5,5181,5181,5000.0
Legend I,2,Kolektor Ahli III,154.0,18,71.99,5,13448,13448,700.0
Mythical Honor (32 Bintang),4,Kolektor Legendaris,68.0,10,45.05,2,8885,8885,2500.0
Mythic (2 Bintang),3,Kolektor Legendaris,196.0,10,74.25,5,1905,1905,300.0
Mythical Honor (33 Bintang),4,Kolektor Amatir II,168.0,2,53.94,3,12710,12710,5000.0
Mythical Honor (35 Bintang),4,Kolektor Ternama III,241.0,23,64.08,4,19084,19084,700.0
Mythic (11 Bintang),3,Kolektor Junior IV,177.0,9,54.77,3,12207,12207,100.0
Warrior I,1,Kolektor Ternama IV,209.0,24,57.42,4,8531,8531,900.0
Mythical Honor (44 Bintang),4,Kolektor Junior IV,229.0,9,52.84,3,6138,6138,5000.0
Elite III,1,Kolektor Juragan I,201.0,31,59.15,4,6444,6444,300.0
Mythic (20 Bintang),3,Kolektor Sultan Besar,191.0,37,54.11,3,8335,8335,5000.0
Legend III,2,Kolektor Juragan II,31.0,32,73.21,5,3490,3490,300.0
Mythical Honor (40 Bintang),4,Kolektor Junior V,256.0,10,61.78,4,10007,10007,500.0
Mythic (10 Bintang),3,Kolektor Amatir IV,171.0,4,56.95,4,9709,9709,900.0
Master I,1,Kolektor Terhormat IV,48.0,29,55.62,4,8851,8851,300.0
Mythic (12 Bintang),3,Kolektor Juragan II,56.0,32,50.3,3,11014,11014,100.0
Legend II,2,Kolektor Ternama I,160.0,21,42.2,1,11585,11585,300.0
Mythic (15 Bintang),3,Kolektor Senior IV,87.0,14,44.84,1,18879,18879,100.0
Mythical Honor (49 Bintang),4,Kolektor Senior IV,122.0,14,43.89,1,711,711,300.0
Mythic (1 Bintang),3,Kolektor Junior I,257.0,6,63.6,4,16876,16876,500.0
Grandmaster IV,1,Kolektor Legendaris,245.0,10,51.77,3,19623,19623,500.0
Mythic (11 Bintang),3,Kolektor Junior II,90.0,7,65.79,5,7431,7431,700.0
Mythic (4 Bintang),3,Kolektor Ternama IV,281.0,24,70.6,5,7895,7895,200.0
Mythic (11 Bintang),3,Kolektor Ahli I,193.0,16,74.14,5,16412,16412,2500.0
Mythical Honor (48 Bintang),4,Kolektor Sultan Besar,189.0,37,42.06,1,11184,11184,500.0
Mythic (3 Bintang),3,Kolektor Sultan Besar,77.0,37,56.17,4,4436,4436,500.0
Epic I,2,Kolektor Master,150.0,10,68.03,5,9458,9458,200.0
Mythical Honor (27 Bintang),4,Kolektor Senior I,137.0,11,47.16,2,2329,2329,300.0
Grandmaster III,1,Kolektor Junior I,129.0,6,59.91,4,13625,13625,2500.0
Mythical Honor (47 Bintang),4,Kolektor Ahli I,74.0,16,53.46,3,17667,17667,2500.0
Warrior III,1,Kolektor Ternama IV,243.0,24,69.54,5,7887,7887,100.0
Warrior II,1,Kolektor Ternama II,122.0,22,40.62,1,18252,18252,2500.0
Mythic (11 Bintang),3,Kolektor Ahli IV,102.0,19,54.35,3,15048,15048,700.0
Grandmaster III,1,Kolektor Terhormat II,102.0,27,40.13,1,15176,15176,700.0
Mythical Honor (41 Bintang),4,Kolektor Ahli V,278.0,20,65.63,5,14183,14183,2500.0
Mythic (19 Bintang),3,Kolektor Ahli III,110.0,18,72.4,5,1788,1788,900.0
Mythic (8 Bintang),3,Kolektor Terhormat V,186.0,30,60.56,4,18639,18639,2500.0
Mythical Honor (31 Bintang),4,Kolektor Master,158.0,10,41.52,1,14837,14837,5000.0
Elite II,1,Kolektor Ternama V,40.0,25,43.06,1,18956,18956,100.0
Mythical Honor (37 Bintang),4,Kolektor Junior II,44.0,7,46.39,2,5949,5949,200.0
Epic I,2,Kolektor Ahli I,151.0,16,71.05,5,19281,19281,200.0
Mythic (9 Bintang),3,Kolektor Sultan,40.0,36,62.86,4,12097,12097,2500.0
Master III,1,Kolektor Junior III,279.0,8,73.91,5,14900,14900,300.0
Elite II,1,Kolektor Amatir V,72.0,5,46.06,2,2590,2590,2500.0
Mythical Honor (40 Bintang),4,Kolektor Junior V,196.0,10,58.74,4,16842,16842,500.0
Mythical Honor (25 Bintang),4,Kolektor Terhormat IV,42.0,29,54.99,3,17489,17489,300.0
Mythical Honor (36 Bintang),4,Kolektor Senior V,76.0,15,74.9,5,19539,19539,2500.0
Elite II,1,Kolektor Sultan Besar,136.0,37,67.29,5,7080,7080,100.0
Mythic (15 Bintang),3,Kolektor Sultan,158.0,36,56.08,4,9228,9228,2500.0
Mythic (8 Bintang),3,Kolektor Elite,213.0,10,53.43,3,13802,13802,700.0
Mythic (1 Bintang),3,Kolektor Senior IV,165.0,14,66.59,5,17598,17598,900.0
Mythic (11 Bintang),3,Kolektor Sultan,186.0,36,68.07,5,10369,10369,300.0
Elite IV,1,Kolektor Ternama V,147.0,25,50.84,3,10656,10656,2500.0
Mythic (5 Bintang),3,Kolektor Juragan V,173.0,35,71.1,5,10866,10866,500.0
Mythical Honor (35 Bintang),4,Kolektor Amatir V,142.0,5,69.62,5,10977,10977,100.0
Elite I,1,Kolektor Junior II,259.0,7,67.85,5,16032,16032,500.0
Mythic (21 Bintang),3,Kolektor Juragan II,287.0,32,57.91,4,16793,16793,5000.0
Epic II,2,Kolektor Terhormat V,170.0,30,74.29,5,19398,19398,700.0
Mythical Honor (44 Bintang),4,Kolektor Master,259.0,10,52.89,3,5277,5277,700.0
Mythic (22 Bintang),3,Kolektor Ternama IV,299.0,24,70.33,5,6370,6370,700.0
Mythic (10 Bintang),3,Kolektor Juragan I,281.0,31,49.53,2,19280,19280,200.0
Legend III,2,Kolektor Ternama V,100.0,25,47.09,2,3388,3388,2500.0
Mythic (23 Bintang),3,Kolektor Amatir III,267.0,3,65.65,5,18698,18698,200.0
Legend II,2,Kolektor Junior V,265.0,10,48.86,2,15231,15231,100.0
Mythic (12 Bintang),3,Kolektor Terhormat III,242.0,28,59.95,4,15645,15645,5000.0
Mythic (23 Bintang),3,Kolektor Terhormat III,280.0,28,48.27,2,1631,1631,700.0
Mythical Honor (40 Bintang),4,Kolektor Ternama IV,85.0,24,60.81,4,672,672,200.0
Legend III,2,Kolektor Amatir V,96.0,5,51.65,3,15828,15828,2500.0
Master IV,1,Kolektor Ahli V,48.0,20,50.73,3,11884,11884,500.0
Mythic (15 Bintang),3,Kolektor Junior III,72.0,8,44.65,1,12644,12644,700.0
Elite I,1,Kolektor Senior IV,20.0,14,65.44,5,4504,4504,300.0
Epic I,2,Kolektor Senior III,83.0,13,66.63,5,15016,15016,200.0
Mythic (4 Bintang),3,Kolektor Senior I,170.0,11,42.42,1,13450,13450,300.0
Legend III,2,Kolektor Terhormat II,299.0,27,45.99,2,13517,13517,5000.0
Warrior I,1,Kolektor Amatir III,280.0,3,49.39,2,7335,7335,200.0
Mythic (10 Bintang),3,Kolektor Amatir I,297.0,1,41.42,1,8888,8888,2500.0
Mythic (17 Bintang),3,Kolektor Junior I,153.0,6,57.21,4,10850,10850,500.0
Mythical Honor (46 Bintang),4,Kolektor Terhormat II,193.0,27,72.54,5,12779,12779,100.0
Mythic (17 Bintang),3,Kolektor Juragan I,219.0,31,63.04,4,11119,11119,700.0
Mythical Honor (49 Bintang),4,Kolektor Terhormat IV,271.0,29,48.38,2,8089,8089,500.0
Legend II,2,Kolektor Senior III,192.0,13,49.85,2,17024,17024,900.0
Mythical Honor (48 Bintang),4,Kolektor Amatir V,236.0,5,64.23,4,6002,6002,2500.0
Epic I,2,Kolektor Senior V,154.0,15,54.06,3,18422,18422,700.0
Mythical Honor (28 Bintang),4,Kolektor Junior V,189.0,10,57.75,4,6882,6882,500.0
Mythic (23 Bintang),3,Kolektor Senior IV,193.0,14,41.05,1,16848,16848,100.0
Legend III,2,Kolektor Ternama IV,124.0,24,47.2,2,15392,15392,300.0
Mythical Honor (28 Bintang),4,Kolektor Ahli III,209.0,18,72.33,5,10813,10813,900.0
Mythical Honor (49 Bintang),4,Kolektor Juragan III,128.0,33,51.9,3,13102,13102,2500.0
Mythic (7 Bintang),3,Kolektor Ahli V,210.0,20,45.59,2,14701,14701,700.0
Legend IV,2,Kolektor Terhormat II,161.0,27,43.74,1,15958,15958,700.0
Master I,1,Kolektor Junior V,159.0,10,44.3,1,14787,14787,100.0
Mythical Honor (40 Bintang),4,Kolektor Senior II,137.0,12,62.96,4,10683,10683,700.0
Legend III,2,Kolektor Terhormat V,220.0,30,68.21,5,14121,14121,100.0
Mythical Honor (41 Bintang),4,Kolektor Terhormat II,175.0,27,48.52,2,7015,7015,500.0
Mythical Honor (48 Bintang),4,Kolektor Ahli IV,156.0,19,50.97,3,3735,3735,200.0
Mythical Honor (36 Bintang),4,Kolektor Ahli II,213.0,17,45.84,2,16689,16689,2500.0
Mythical Honor (41 Bintang),4,Kolektor Terhormat IV,128.0,29,61.86,4,12370,12370,300.0
Mythical Honor (33 Bintang),4,Kolektor Ahli IV,50.0,19,43.79,1,4564,4564,2500.0
Mythical Honor (38 Bintang),4,Kolektor Junior I,70.0,6,49.9,2,12542,12542,5000.0
Legend II,2,Kolektor Juragan V,154.0,35,61.01,4,9669,9669,500.0
Epic I,2,Kolektor Sultan,37.0,36,64.8,4,4021,4021,200.0
Mythical Honor (35 Bintang),4,Kolektor Junior IV,28.0,9,64.52,4,15212,15212,200.0
Legend II,2,Kolektor Amatir III,63.0,3,56.44,4,3585,3585,500.0
Mythic (20 Bintang),3,Kolektor Senior II,289.0,12,63.02,4,15949,15949,900.0
Mythic (8 Bintang),3,Kolektor Senior IV,149.0,14,40.5,1,15740,15740,900.0
Mythical Honor (28 Bintang),4,Kolektor Ahli II,146.0,17,48.18,2,15208,15208,2500.0
Mythic (13 Bintang),3,Kolektor Amatir IV,121.0,4,49.36,2,10162,10162,500.0
Mythic (13 Bintang),3,Kolektor Amatir I,74.0,1,64.56,4,13922,13922,700.0
